UserName,ScreenName,Location,TweetAt,OriginalTweet,Sentiment
1,44953,NYC,02-03-2020,"TRENDING: New Yorkers encounter empty supermarket shelves (pictured, Wegmans in Brooklyn), sold-out online grocers (FoodKick, MaxDelivery) as #coronavirus-fearing shoppers stock up https://t.co/Gr76pcrLWh https://t.co/ivMKMsqdT1",Extremely Negative
2,44954,"Seattle, WA",02-03-2020,"When I couldn't find hand sanitizer at Fred Meyer, I turned to #Amazon. But $114.97 for a 2 pack of Purell??!!Check out how  #coronavirus concerns are driving up prices. https://t.co/ygbipBflMY",Positive
3,44955,,02-03-2020,Find out how you can protect yourself and loved ones from #coronavirus. ?,Extremely Positive
4,44956,Chicagoland,02-03-2020,"#Panic buying hits #NewYork City as anxious shoppers stock up on food&amp;medical supplies after #healthcare worker in her 30s becomes #BigApple 1st confirmed #coronavirus patient OR a #Bloomberg staged event?



https://t.co/IASiReGPC4



#QAnon #QAnon2018 #QAnon2020 

#Election2020 #CDC https://t.co/29isZOewxu",Negative
5,44957,"Melbourne, Victoria",03-03-2020,#toiletpaper #dunnypaper #coronavirus #coronavirusaustralia #CoronaVirusUpdate #Covid_19 #9News  #Corvid19 #7NewsMelb #dunnypapergate #Costco    One week everyone buying baby milk powder the next everyone buying up toilet paper. https://t.co/ScZryVvsIh,Neutral
6,44958,Los Angeles,03-03-2020,Do you remember the last time you paid $2.99 a gallon for regular gas in Los Angeles?Prices at the pump are going down. A look at how the #coronavirus is impacting prices. 4pm @ABC7 https://t.co/Pyzq8YMuV5,Neutral
7,44959,,03-03-2020,Voting in the age of #coronavirus = hand sanitizer ? #SuperTuesday https://t.co/z0BeL4O6Dk,Positive
8,44960,"Geneva, Switzerland",03-03-2020,"@DrTedros ""We cant stop #COVID19 without protecting #healthworkers.

Prices of surgical masks have increased six-fold, N95 respirators have more than trebled &amp; gowns cost twice as much""-@DrTedros #coronavirus",Neutral
9,44961,,04-03-2020,"HI TWITTER! I am a pharmacist. I sell hand sanitizer for a living! Or I do when any exists. Like masks, it is sold the fuck out everywhere. SHOULD YOU BE WORRIED? No. Use soap. SHOULD YOU VISIT TWENTY PHARMACIES LOOKING FOR THE LAST BOTTLE? No. Pharmacies are full of sick people.",Extremely Negative
10,44962,"Dublin, Ireland",04-03-2020,"Anyone been in a supermarket over the last few days? Went to do my NORMAL shop last night &amp; ??is the sight that greeted me. Barmy! (Btw, whats so special about tinned tomatoes? ????????????). #Covid_19 #Dublin https://t.co/rGsM8xUxr6",Extremely Positive
11,44963,"Boksburg, South Africa",04-03-2020,"Best quality couches at unbelievably low prices available to order.



We are in Boksburg GP 



For more info WhatsApp:

084 764 8086



#SuperTuesdsy #PowerTalk 

#Covid_19 #SayEntrepreneur 

#DJSBU https://t.co/HhDJhyQ2Dc",Positive
12,44964,New Delhi,04-03-2020,"Beware of counterfeits trying to sell fake masks at cheap prices. Let's defeat coronavirus threat, #Covid_19 collectively. #BeSafe #BeACascader #CoronavirusReachesDelhi 

#coronavirusindia 



https://t.co/2Ikkmimj4f https://t.co/RB9rtt7Nkc",Extremely Negative
13,44965,"USA, PA",04-03-2020,"Panic food buying in Germany due to #coronavirus has begun.  But the #organic is left behind! #Hamsterkauf



Panic buying is called ""Hamster purchases""(Hamsterkäufe) in German, taken from the way Hamsters stuff their cheeks with food.  



https://t.co/aYQtLLGW1m",Extremely Negative
14,44966,,04-03-2020,"#Covid_19 Went to the Grocery Store, turns out all cleaning supplies have been bought out for fear of Coronavirus.



My daughter's substitute teacher showed her class how to make hand sanitizer. Now I just need to buy some 100% alcohol. Wish me luck that any stores will have it.",Extremely Positive
15,44967,"Washington, DC",04-03-2020,"While we were busy watching election returns and bracing for a Covid-19 outbreak, Trump nominated a chemical-industry lobbyist to head the Consumer Product Safety Commission https://t.co/M2ShHI1Tn0",Positive
16,44968,Bengaluru ,04-03-2020,"#AirSewa 



@flyspicejet is not providing #webchecin customers free seats.



Passengers are forced to choose paid seats as free seats are made available only at airport counter. 



This should be stopped as its discriminatory and against travellers rights 



@HardeepSPuri @MoCA_GoI",Extremely Negative
17,44969,Mumbai,05-03-2020,"What Precautionary measures have you all taken in your respective Restaurants and Hotels, Comment below...

#COVID-19 #Coronavirus



COVID-19: Hotel chains enforce precautionary measures, issue safety, hygiene advisories

https://t.co/7Zo2vqSPzY",Extremely Positive
18,44970,"Toronto, Ontario",05-03-2020,"When youre stockpiling food &amp; other supplies, buy extra for your local food bank. Many families dont have the luxury to spend beyond their weekly budget. @DailyBreadTO  #coronavirus",Neutral
19,44971,,05-03-2020,"That's about a week from now. A bit optimistic.  Probably it will take another month.  Supply chain may be recovering, demand chain will be non-existent in US and Europe for the next month or two.

$spx $qqq $es $nq https://t.co/yXcOfL0BnI",Positive
20,44972,Tallahassee,05-03-2020,"Studies show the #coronavirus like #COVID19 can live up to nine days on hard surfaces like metal, plastic, and glass.



Our Deputy Commissioner of Consumer Affairs Mary Barzee Flores shows you how to keep clean at the gas pump.



Watch and share? https://t.co/AIqATWT5zz",Extremely Positive
21,44973,Malta,05-03-2020,"#CoronaVirus #COVID_19 People are starting to become frightened and to do #PanicShopping. Many shelves, meanwhile, turn empty as #goods are sold. #FaceMasks &amp; disinfection liquid are sold out, or they are sold for exorbitant prices! #Blockchain #CryptoNews https://t.co/AkR3lmLEKf",Negative
22,44974,"Texas, USA",05-03-2020,"For those of you that think credit/debit is just as good as #bitcoin when it comes to combating #coronavirus, keep in mind that this is not a ""contactless transaction.""  How many people at your grocery store or gas station touch this keypad every day? https://t.co/WVq8bb9OlS",Extremely Positive
23,44975,"Florida, USA",06-03-2020,Control over stocks and gold is lost...gold coming back very nicely! Loves wallbridge and Balmoral and warns listeners about #coronavirus Sprott Money Ltd. recently put in money to $OCG $GENM $MMG and many more... https://t.co/3aURZ2e4Sj,Extremely Positive
24,44976,Chandigarh,06-03-2020,"Sellers are cashing on your panic to sell facemasks and sanitizers at super inflated prices.



In reality, neither sanitizer nor facemasks are ""must have"" to save yourself from #coronavirus. 



Please watch this video for more :



https://t.co/sgOFnAu4j8",Extremely Positive
25,44977,Canada,07-03-2020,"Canada's oilpatch is bracing for the impact of plunging crude prices after OPEC and its allies failed to reach a deal aimed at cutting production as economies slow because of the novel #coronavirus. The fool @Jkenney based his budget on hired oil prices 



https://t.co/fDCpQPvPuo",Extremely Negative
26,44978,"Wayne County, MI",07-03-2020,"Alright yall I hope our Melanin prevails but just in case I took some precautions I had some food &amp; water delivered. ????? Ive had my masks for a month and may have to open soon! 

?? #B1 #FBA 



#CoronavirusUSA #COVID https://t.co/cTQMDgDgtD",Positive
27,44979,"Bondi Beach, Sydney",07-03-2020,When your usual grocery shopping @woolworths turns into a toilet paper fight in the supermarket aisle. Yikes. #toiletpaperpanic for the #coronavirus has taken a whole new level. https://t.co/aKJ283I20C,Negative
28,44980,,07-03-2020,"Coronavirus panic spreads: Costco is pulling free samples over COVID-19 - USA TODAY



Coronavirus panic spreads: Costco is pulling free samples over COVID-19  USA TODAY



'It's pandemonium': virus panic-buying hits Los Angeles  Yahoo News



How Costco is Ha https://t.co/MyTDpDomEI",Negative
29,44981,,07-03-2020,"While you are stocking up, waiting for quarantine, if you can don't forget to donate  food, water, and toiletries to your local food banks to help others without the means to stock up. Get ahead of it before it becomes a crisis. #covid19 #coronavirus",Negative
30,44982,United States,07-03-2020,"#Coronavirus is ""an exposure of all the holes in the social safety net,"" says NELP Government Affairs Director Judy Conti



#UI #Unemployment #PaidLeaveForAll

https://t.co/BrCY9IJWSv",Positive
31,44983,"New York, New York",07-03-2020,"Two important phone numbers NYers should know. If you have no doctor or insurance and think you may be sick and need to be tested for #coronavirus, call the state's helpline: 1-888-364-3065. To report price gouging, call the Div. of Consumer Protection at 1-800-697-1220.",Negative
32,44984,"London, England",08-03-2020,"Tip for all Pro Wrestlers to help combat the #coronavirus...be more like @ZoeLucasPro and bring hand sanitizer to your matches as a precaution



#EVEWrestling @ProWrestlingEVE https://t.co/SUYUsaPm7j",Extremely Positive
33,44985,USA,08-03-2020,"Is this effective?

Is it necessary?

Or is it just optics?

Scare tactics?

For the American consumer?

For US MSM to use?

If optics, What is the intended effect?

Fear?

Crash US Market-&gt;panic-&gt;elect Biden



#Qanon #coronavirus https://t.co/H48ZMfuAme",Extremely Negative
34,44986,"Toronto, Ontario",08-03-2020,"IMHO Russia's rug pull on oil prices is designed to end the dollar as the global reserve currency. How? Corp debt collapse, led by high yield and fracking, compounded by COVID-19, will mean Fed and US Govt respond with #MMT. Ciao dollar. Alt is collapse. Got #Gold or #Silver yet?",Extremely Negative
35,44987,"Angmering, West Sussex",08-03-2020,So not due to #Brexit at all then &gt;&gt; Supermarkets begin #foodrationing after wave of #coronavirus-fuelled panic buying https://t.co/AKgkHxO0tW,Neutral
36,44988,"Dont ask for freedom, take it.",08-03-2020,"Remember, with all the media deflection stories about bog rolls, panic-buying, food shortages, Covid-19, Irish bridges etc etc.



We've still got Brexit, Austerity, poverty, a crashing economy &amp; the worst UK Govt in living memory. 



All depressing stuff &amp; it aint gonna end well.",Extremely Negative
37,44989,"New York, NY",08-03-2020,"Fellow Uni instructors! COVID-19 f2f class cancelations are  inconvenient! But remember you're salaried employees. Maybe call/email HR or your union &amp; demand to know how hourly workers (clerical, food-service, custodial, etc) will be  compensated during campus closures?",Negative
38,44990,,08-03-2020,"@howroute Its not even over food... what the actual heck?? I have news for these people ... 



you need food and water before you need the paper to wipe your a$$. Just sayin.. ? 



#covid19 #Covid_19 #coronavirus #corona #virus #panic",Neutral
39,44991,"Sydney, New South Wales",08-03-2020,"1/25 Part 1 - Why does soap work so well on the SARS-CoV-2, the coronavirus and indeed most viruses? Because it is a self-assembled nanoparticle in which the weakest link is the lipid (fatty) bilayer. A two part thread about soap, viruses and supramolecular chemistry #COVID19 https://t.co/OCwqPjO5Ht",Negative
40,44992,Socially Distanced in NC,08-03-2020,"Thread: Please STOP shaming folks who stock up on food and personal care products ahead of #CoronaVirus #COVID19. #Trump made it clear that he doesnt care and wont help, so theyre protecting their families their way. Its a tiny bit of mastery and control in terrifying times. https://t.co/12eMup9mtA",Extremely Positive
41,44993,"Michigan, USA",09-03-2020,"For those thinking #seniors #disabled &amp; #vets shouldnt be included in any @realDonaldTrump aid package because of #Covid_19 #coronavirus check prices on antibacterial soaps, disinfectant safer transportation other than crowded city busses list goes on @SenStabenow @RashidaTlaib",Positive
42,44994,Pennsylvania,09-03-2020,"So far 36 Pennsylvanians have reached out to my Office to report inflated prices on everything from disinfectant spray to liquid soap.

 

Price gouging like this isnt just wrong, its illegal. Keep your emails coming: pricegouging@attorneygeneral.gov #coronavirus",Negative
43,44995,Kolkata?? and Dhaka??,09-03-2020,"Global stock markets continued their bear run as #DowJones and S&amp;P500 plunged as they opened on Monday. Plunge was largely on the back of the 30% overnight slump in #CrudeOil prices, along with the persistent concerns over the impact of #CoronaVirus on the global #economy.",Neutral
44,44996,"Washington, D.C.",09-03-2020,Scammers are taking advantage of fears surrounding the #Coronavirus. Here are some tips to help you keep scammers at bay: https://t.co/Yt892bgnBu #COVID2019 https://t.co/kmILU80H6h,Positive
45,44997,"Burnaby, British Columbia",09-03-2020,"Are you doing business in international markets? This @ExportDevCanada webinar will show you how to navigate todays exporting challenges and rising commodity prices due to the COVID-19 virus.



https://t.co/pDBUlOnAEI",Positive
46,44998,"Manhattan, NY",09-03-2020,"For those in gig economy who only earn if ppl are going out, we can immediately process refunds for 2019 Earned Income Tax Credit or Child Tax Credit - or they can borrow against 2020 credits. That cash can help make ends meet until normal consumer behavior returns #coronavirus",Extremely Positive
47,44999,"Colorado, USA",09-03-2020,"I have instructed that insurance companies make COVID-19 testing free. This important step will help ensure cost barriers do not stand in the way of people getting tested. 



Read more: https://t.co/0VrdDfNPay https://t.co/9JdaVZw7ai",Extremely Positive
48,45000,"Washington, DC",09-03-2020,The oil prices dipping has absolutely nothing to do with #COVID2019 it has everything to do with #OPEC talks collapsing and Saudi feuding with Russia. Celebrate and calm the hell down.. weirdos.,Extremely Negative
49,45001,United States,09-03-2020,"Global stocks plummeted today due to fear surrounding #COVID2019 and falling oil prices, which saw the biggest one-day drop since the 1991 Gulf War.



Let's look at how the major stock indices have been reacting to the news, based on their closing values. https://t.co/fV7IehqaDo",Extremely Negative
50,45002,#NoNazis?? kaspum zaháv,09-03-2020,"The beginning of a  global recession!



#Coronavirus damaging health crisis?

#oil prices falling down?

US stocks falling down?

7% drop this morning &amp; trading halt?

#migration crisis at the EU borders 

#housingCrisis &amp; skyrocketing rents. Tenants are losing 50% of income?

#Q*",Extremely Negative
51,45003,Australia,09-03-2020,"@7NewsSydney @ScottMorrisonMP Some Factors have bought on the recession 1)Ignoring per-capita recession, 2)wage growth stagnant 3)Consumer debt levels are through the roof 4) casualized work! These changes in the economy are driven by government not #co",Extremely Negative
52,45004,USA|EUROPE|ASIA|GLOBAL??,09-03-2020,"Cuomo press conference...

New York is releasing new brand of state made had sanitizer prices from $0.80¢ - $6 a gallon!

#CoronaVirusUpdates #Corona #CoronavirusOutbreak #virus #COVID2019 #COVID19 #NYC



https://t.co/9jhElBwElZ",Neutral
53,45005,Colorado,09-03-2020,"Ignore online offers for #vaccinations. There currently are no vaccines, pills, potions, lotions, lozenges or other prescription or over-the-counter products available to treat or cure #Coronavirus disease 2019 (COVID-19)  online or in stores.



@FTC tips: https://t.co/Sqbf4LHB8H https://t.co/DX5po1KDqi",Negative
54,45006,"Cambridgeshire, UK",09-03-2020,"If you are lucky enough to be sitting at home with enough food to get you through a period of self-isolation, please consider donating to the @TrussellTrust to help those who couldn't stock up even if they wanted to. #TrussellTrust #foodbanks #coronavirus #COVID19",Extremely Positive
55,45007,earth,09-03-2020,"@thehill Americans need to take it upon themselves to help avoid contracting covid-19.

Prep to self quarantine for 2 wks.

Stop unnecessary travel or crowd gatherings.

Talk to your employer about how to proceed w/o harm to your career.

Plan for sch",Extremely Negative
56,45008,?? ???? ?????? . ??? ???? ???,09-03-2020,"@realDonaldTrump Separate Table of US Corna Virus Statistics.

 Very high stats of corona virus.

 US Government's Inability to Control Corona Virus.

 High Price Disinfectant Gel in USA High price of mask in USA. 

Food prices are rising day by day

",Negative
57,45009,"Texas, USA",10-03-2020,"#ToiletPaper shortage ??

Don't believe everything you see on TV! My Costco just now....,.#CoronaVirus https://t.co/FDviKzgFwd",Negative
58,45010,"Western Australia, Australia",10-03-2020,"Come on guys, please be like bob!



#COVID2019 #panicbuying #coronavirus https://t.co/kMly3zNynR",Positive
59,45011,London,10-03-2020,"If you have booked a ticket to an event as part of a package holiday you will be offered an alternative or a refund by your travel provider, if it has been cancelled due to #Coronavirus.



Check ABTA's consumer Q&amp;A at: https://t.co/oUB4MNmrNA



#COVID19 https://t.co/kMHJehS2JH",Positive
60,45012,,10-03-2020,"Breaking: New Jersey officials urge residents to stock up for a two week #coronavirus quarantine ""Just in case""



#COVID19 

https://t.co/fc8imQ7TAR",Neutral
61,45013,"Dallas, USA",10-03-2020,"4- Russia LNG will also suffer. The irony is, spot LNG prices were already at a record low because of the #Coronavirus and the declaration of force majeure by Chinese companies. 



Contracted LNG became the only way to make money until oil prices collapsed. It is a big hit https://t.co/ksFQ4uzqAn",Extremely Negative
62,45014,"Bowling Green, KY",10-03-2020,#BreakingNews #terrorists have watched closely as the #coronavirus spins its web. They now know what Americans value most. Wiping their ass! Citizens rush to buy toilet paper but neglect to stock up on food! Terrorists are holding our #toiletpaper  factories hostage! Film at 11! https://t.co/7maYfTGxJA,Extremely Negative
63,45015,Five offices across Canada,10-03-2020,"""As the novel #coronavirus (or #COVID19) continues to spread worldwide, its impact on international business operations, supply chains, travel, commodity prices, consumer confidence and business forecasts is becoming increasingly acute.""

#BLGPublication https://t.co/BDIedMNksK",Extremely Positive
64,45016,,10-03-2020,"Lower #Oil prices, lower #InterestRate, and some sort of fiscal #stimulus is great, but the consumer isn't the problem. The problem is fear of #coronavirus and fear of being quarantined for 14 days. That's why people stopped traveling. Not because of interest rates or taxes.",Extremely Negative
65,45017,,10-03-2020,Consumers have increased their online shopping due to coronavirus. https://t.co/5mYfz3RAD0 #retail #ecommerce #study #coronavirus https://t.co/Dz3H6zrWUT,Positive
66,45018,"Lambeth, London",10-03-2020,"For those self indulging in thoughts of food, medicine and essential household goods stock piling. Like people on universal credit be stock piling FFS!!! #coronavirus",Negative
67,45019,"Wales, United Kingdom",10-03-2020,"Ok if #COVID2019 is nothing to panic about why is Italy imposing the biggest restrictions on the civilian population since WW2? 

How will the supermarkets be able to provide food if all the workers are told to stay at home? 

Same with any other Bussiness.",Positive
68,45020,Washington DC,10-03-2020,"Trump said people must ""be vigilant,"" then concluded, ""Be calm. It's really working out. And: lot of good things are going to happen. The consumer is ready. The consumer is so powerful in our country with what we've done with tax cuts and regulation cuts and all of those things.""",Extremely Positive
69,45021,Edmonton Alberta,10-03-2020,"The top food items to stock up on in case you are quarantined 



#Coronavirus home stays are on peoples minds. Here are ten foods for stocking a pantry to support physical and mental health.



https://t.co/jrvxRIb57L",Positive
70,45022,"Manchester, UK",10-03-2020,"Hi all! Please support your local Chinese Restaurant &amp; order some delicious food from them ? They are really struggling with the #COVID2019 panic, many are having to let staff go.



My favs in #Manchester are @sweetmandarin &amp; @blueeyedpandam4

Thank you! ??



#iwilleatwithyou https://t.co/jpDHxQMBTv",Positive
71,45023,Missouri,10-03-2020,Report any and all instances of price gouging or other COVID-19 scams to the Attorney Generals Consumer Protection Hotline at 800-392-8222 or online at https://t.co/YB2NrTWlfg. #coronavirus https://t.co/H3QqmM3BBl,Negative
72,45024,,10-03-2020,"Russia by breaking rank from OPEC+ signalled an intent to take down their nemesis: American oil and gas industry.



#USElections2020 #COVID2019 #OilWar are steeped in markets least favorite thing: Uncertainty



But THIS TIME they won't succeed



Low Oil prices won't last long #OOTT https://t.co/TwKYxrDfoW",Extremely Positive
73,45025,España / USA,10-03-2020,"?80% of #Retail experts talk about a significant decrease in #store traffic due to #coronavirus ??

??Check our article???



https://t.co/eobzo0WOUS",Positive
74,45026,,10-03-2020,Met with members of our distributive trade today to examine their preparation   for the impact of Covid 19. Based on reports our key manufacturers and importers have at least 2 to 3 mths of stock. We therefore do not expect that there will be any shortage in critical food items. https://t.co/jtFneBWuVy,Negative
75,45027,New York City,10-03-2020,"Say you need to stock up on #food for a couple of weeks, here's tips on what to get and how to properly store those #perishable items. #coronavirus https://t.co/GnLgWqxpjl https://t.co/cCKvA2ktQ4",Neutral
76,45028,Kjipuktuk/Halifax,10-03-2020,"My genuine concern around #COVID2019 are folks who may have to isolate, but work low wage/hourly pay jobs - folks who are barely getting by, who DONT get paid sick days. Folks who cant stock up on weeks worth of food. Folks who cant NOT work. 



The working poor will suffer most",Extremely Negative
77,45029,Australia,10-03-2020,"We could have as many as 60% of the world's population infected with the #Coronavirus by the end of the year.



Your prayers are useless, only science will come to the rescue. If this does happen, our world will not recover for years. Stock up your can food people. #doomsdayBunker",Negative
78,45030,"Manchester, NH",10-03-2020,"IMPORTANT UPDATE! Our CEO Brian Beaulieu has broadened the scope of his COVID-19 webinar. Expect more on the oil prices drop, stock market developments, retail sales, and unfolding situations in China and Italy. Learn more and register: https://t.co/3muKagEw4p https://t.co/uOuyUfjRyW",Positive
79,45031,"Columbus, OH",10-03-2020,".@Target taking #coronavirus #COVID19 seriously. Stores are adding hours and staff to clean more rigorously, stopping food samples, bolstering order pick up and drive up, encouraging employees to stay home, adding more stock, and limiting # of items in purchases.



@wsyx6 https://t.co/p1EJDPvnyy",Positive
80,45032,US,10-03-2020,"CDC: Older folks should stock up on food, stay home amid #coronavirus - Business Insider  Wow! https://t.co/ygcPtE7F1L",Positive
81,45033,"Tampa, FL",10-03-2020,"If 1,000,000 get infected with a 2% death rate for the #coronavirus then 20,000 will die in USA.



If you dont have mo mney to stock up food, then find a fishing hole and supplies to hunt and fish!",Extremely Negative
82,45034,Dublin,10-03-2020,"Every shop, chemist or retailer of any sort who raises prices during #coronavirus should be boycotted when it's all over. The greed in this country starts with those who've governed us for almost 100 years. FF and FG have made many of us lose our compassion and decency.",Negative
83,45035,,10-03-2020,"No, witch hazel won't help protect you from #coronavirus ...even in a DIY hand sanitizer: https://t.co/DYyShJHRGm @AmeshAA",Extremely Positive
84,45036,,10-03-2020,"@thehill DonaldTrump with lies or with rumor

Never recognized his sense of humor

..so he sells us his balm

..just tells us to stay calm

And blames it all on the consumer. 



#COVID19 #Trumpdemic #coronavirus",Negative
85,45037,,10-03-2020,"@realDonaldTrump .-.

THE BALM OF CORONAVIRUS



#DonaldTrump with lies or with rumor

Never recognized his sense of humor

..so he sells us his balm

..tells us just to stay calm

And blames it all on the consumer. #COVID19 #Trumpdemic #coronaviru",Negative
86,45038,Worldwide,10-03-2020,Q1 #earnings are expected to be heavily impacted by #coronavirus with steep declines in commodity prices and analysts cutting estimates. @TDhillon33 and @DaveAurelio analyse the data: https://t.co/1uhWfTLx6u #TrustedData #Refinitiv  #COVID19 https://t.co/afvLnL1zIA,Negative
87,45039,"Galway, Ireland",10-03-2020,"These are some of the suggestions to slow/stop #COVID2019

1. Work remotely from home 

2. Online school/ lectures

 3.Keep updated on the HSE/Dept of Health website 

4. Order shopping online for delivery ALL  NEED BROADBAND #remoteworking #broadband #rural",Negative
88,45040,IN,10-03-2020,Retailers gouging consumer on Clorox spray wipes and sanitizers. What use to be under $5 is now $29 or more Even if its available! Gee bet they make it all in China. ????? #sanitizer #coronavirus,Neutral
89,45041,Massachusetts,10-03-2020,"Stay vigilant, stay safe. As we adapt to COVID-19, know that our office is here for you. We can answer questions about scams, sick time, and fraud.



Consumer Hotline: 617-727-8400

Health Care Hotline: 1-888-830-6277

Fair Labor Hotline: 617-727-3465 https://t.co/GjNWCmtY1U",Negative
90,45042,"New Jersey, USA ??",10-03-2020,"Even without the #coronavirus, suspension or elimination of the #payrolltax is the quickest and most sensible means of enhancing consumer liquidity for working Americans, especially part-time and low wage workers.



Once again, @realDonaldTrump is doing exactly the right thing.",Negative
91,45043,East of England,10-03-2020,"This is the advice from national US health experts for over 60's on avoiding #coronavirus



""CDC: Americans over 60 should stock up on food and medications and avoid venturing out as the coronavirus spreads""



UK gov: wash your hands &amp; carry on



#Covid_19 



https://t.co/QKolJTOPdr",Negative
92,45044,Ipswich,10-03-2020,"The awful impacts of the #Coronavirus are continuing to be felt around the world. 

These events in China are also affecting the UK container industry. But what does this mean for you as a consumer, looking to buy #ShippingContainers?

Find out more: https://t.co/ir3YeBoFbS

#MrBox https://t.co/wLHwiAVhIB",Negative
93,45045,England,10-03-2020,Wash your hands more often for 20 seconds with soap and water. Or use hand sanitiser.,Positive
94,45046,North Carolina,10-03-2020,"Coronavirus, COVID-19, oil price drop will lead to US recession - Business Insider https://t.co/A7hsqwQDOe",Negative
95,45047,,10-03-2020,"My German colleagues have confirmed that Hamsterkäufe, as in how a hamster stuffs its cheeks with food, is indeed the German term for panic buying. This is the cute news I need today.

#hamsterkäufe #COVID2019 #covid19ireland #Coronavirusireland #panicbuyingireland #panicbuying https://t.co/b5PwFU9tvz",Negative
96,45048,Ireland,10-03-2020,"The government must provide hand sanitizer in all public buildings and transport hubs, as a matter of the utmost urgency.



The state must penalize any business trying to profit from this crisis by rising prices for essential items like hand sanitizer. #COVID19ireland #COVID2019 https://t.co/tzyJ2KwJp7",Extremely Positive
97,45049,United States,10-03-2020,What You Need If Quarantined at Home | #Coronavirus - Consumer Reports https://t.co/fqPmJIBlfd,Neutral
98,45050,"Indianapolis, IN",10-03-2020,"See the new @FujifilmX_US X-T4 and X100V at Roberts! Join us on Saturday March 14th at Roberts Downtown location from 10am to 5pm.



Make sure to stop in and register for a FREE mystery giveaway! https://t.co/KUA79uARxv https://t.co/P6etFT5U7f",Extremely Positive
99,45051,"San Diego, CA",10-03-2020,"Spiking prices during a state of emergency is a crime, REPORT IT: https://t.co/k4Zt898LQl 



#Coronavirus #COVID2019 https://t.co/3FgvYt93W7",Extremely Negative
100,45052,,10-03-2020,"Besides canned food and toilet paper.



https://t.co/oo3UHc9HxO

$KR $TGT $WMT $AMZN $COST $CVS #investing #stocks #coronavirus #covid19 #market #economy",Neutral
101,45053,"Hyderabad, India",10-03-2020,"@NileshShah68 I have summarized the most important points from the paper in this thread:

https://t.co/dTZg4vg8VM",Positive
102,45054,USA,10-03-2020,@HLAurora63 My husband asked me today if we should stock up on food and supplies ? #CoronaVirus,Neutral
103,45055,"Washington, DC",10-03-2020,Missouri AG sues televangelist for advertising Silver Solution as a cure for coronavirus https://t.co/wUffral0NW https://t.co/Q5kAOjafCt,Positive
104,45056,"Washington, DC",10-03-2020,"President Trump: ""It will go away.  Just stay calm.  It will go away."" https://t.co/J8aF2Zb8v0",Positive
105,45057,Canada,10-03-2020,You actually need to stock pile on food first before you can actually use all that toilet paper.   But you have you eat it before you need to use the toilet.  Only then will you have the need for toilet paper #toiletpaper #covid19 #coronavirus #idiots,Neutral
106,45058,"Hamilton, Ontario, Canada",10-03-2020,"We (@hamiltonpoverty) are calling on Canadian Federal Government ?? to provide #BasicIncome 'Well-being and Stimulus Payments' during current COVID-19 situation. A basic income (even interim) could help keep people healthy, then revive consumer confidence and spending. #CdnPoli https://t.co/wRmkWLhJku",Extremely Positive
107,45059,,10-03-2020,"Solid advice for seniors, their family members &amp; those of who have #complexhealth care needs.@CDC: Older #Americans should consider stocking up on food, medications &amp; avoid venturing out as #coronavirus spreads https://t.co/yiDKEL9m1a #COVID19Canada #CoronavirusCanada #bcseniors",Positive
108,45060,"Hackney, London",10-03-2020,"Local media in Naples reported that Seria A football players Callejon, Llorente and Ospinta were among the people queuing outside a supermarket last night to stock up on food during the #coronavirus emergency.",Negative
109,45061,,10-03-2020,"Reminder: a State of Emergency is in effect statewide due to #Coronavirus.



Californians are protected from illegal price gouging on housing, gas, food, and other essential supplies. https://t.co/nw5FHsodTj https://t.co/r8wH8MSped",Negative
110,45062,,10-03-2020,"Just thinking if we have to close schools, how many children may lose access to main source of meals.  And what will happen to demand at food banks. #trusselltrust #coronavirus #foodbanks #poverty #uk https://t.co/Mw71RzC6z1",Negative
111,45063,United States,11-03-2020,"@realDonaldTrump What can you do about #COVID2019? 



- dont go out sick

- wash hands

- call ahead, wear mask to doctor

- stock up food, medicines

- work from home

- keep social distances

- hand sanitizer after surfaces

- avoid touching",Negative
112,45064, England.,11-03-2020,"As I appear to be absolutely no good at stock piling/panic buying  food goods and toilet rolls for the #coronavirus I'm moving on to something I'm good at buying ?



Tin whistles and Apple Watch bands.



Better than toilet rolls ? https://t.co/UdI4PYuLDh",Positive
113,45065,United States,11-03-2020,"Pretty good chance that your waiter/waitress, grocery/department store clerk, or Uber/Taxi driver, doesn't have health insurance or paid sick leave. 



Also a pretty good chance that these people come in contact with #COVID19 #coronavirus 



Still think Bernie's radical? Good luck.",Extremely Positive
114,45066,"Highland, MI",11-03-2020,"I dont understand the run on toilet paper. 



You would think that youd stock up on food first. Without food, you wont need the toilet paper. #coronavirus",Negative
115,45067,Sydney,11-03-2020,So the govt is trying to boost spending to save the economy but what about the several retail staff I witnessed yesterday - in the one store - continuously coughing over merchandise?? And elsewhere?? #bigW #eastgardens   #Coronavirus #stimulus #auspol,Positive
116,45068,,11-03-2020,"We've been lied to about COVID-19. Find out why you need to stock up on Food &amp; Water before all cities are quarantined.

https://t.co/RTBHfraXTU

coronavirus chiropractor naturopath stocks gold silver blackpink bts  coach trainer librarian twice yibo xiaozhan animalcrossing trucker https://t.co/AKuNBNa8jS",Negative
117,45069,Home of the Growling Tigers,11-03-2020,"Metro Manila Lock Down will cause shortage of food supply, hoarding of stuffs, less fortunate families will not be able to stock up, and a lot more. Oh Lord, we pray for covid-19 to end before everything boils down to worst.",Negative
118,45070,,11-03-2020,"Hey guysss! We have a very important message to all our friends, family &amp; viewers out there. Be aware of Corona Virus and follow these procedures to help keep you and your family safe.



#aadyasitara? #aadya #sitara #coronavírus #coronaaleart #covid_19 #staysafe #sanitizer #covid https://t.co/pHWGsygy06",Extremely Positive
119,45071,"Toronto, Ontario",11-03-2020,"Low gas prices could hurt economy as #Toronto drivers take advantage:



https://t.co/JqOHbi6b9j @torontodotcom #COVID19 #COVID2019 #CoronaVirusCanada",Negative
120,45072,,11-03-2020,"Due to the #coronavirus my 80 year old grandma has been going through her cabinets to round up supplies...



So here I present to you a bottle of hydrogen peroxide that expired in July 2001 https://t.co/MTMKiDYDNn",Neutral
121,45073,Boca Raton Fl,11-03-2020,How the fuck am I safer from #coronavirus on a train or at a gas station or at a grocery store or gym than at #sxsw or a ballgame or a amusement park? Either put guys with gas masks and guns on the streets or let us live our lives,Positive
122,45074,"Austin, TX",11-03-2020,One of the BEAUTIFUL things about working at home and having a strictly online small business? Covid-19 isnt transmittable through email. So keep shopping!  https://t.co/qJkUcaWGC2,Extremely Positive
123,45075,Boston,11-03-2020,"With all of the public school, college and university closures due to #coronavirus, a lot of food insecure students will go hungry. As you stock your pantry, consider donating to your local food pantry to help feed a kid. #CoronaVirusUpdate",Neutral
124,45076,Ph Guillermo Munt,11-03-2020,#Venezuela will be Latin America's most affected country by the twin crises of #Coronavirus and collapsing oil prices. See what's coming: https://t.co/6d7Ll9rCUT https://t.co/Guzi0dWxGA,Negative
125,45077,Ph Guillermo Munt,11-03-2020,"The #Coronavirus crisis will speed up the technological revolution as schools, health services, shopping and work will go online at an even faster pace than before. See ""The Robots are Coming"": https://t.co/2bKMJcaYa5 

@vintagebooks https://t.co/EjYZ9rabTu",Extremely Negative
126,45078,Ph Guillermo Munt,11-03-2020,"The #Coronavirus crisis will speed up the technological revolution as schools, health services, shopping and work will go online at an even faster pace than before. See ""The Robots are Coming"", Page 234: https://t.co/Yck5Zmfa4j @vintagebooks",Extremely Negative
127,45079,"arkansassy, usa",11-03-2020,"ok so I know people are scared &amp; stock piling water, meds, food &amp; toilet paper but what about cat food? 



like guys my cat is SO picky he only eats the @rachaelray brand should I start buying out all the 



cAt fOoD!? ?????? #coronavirus",Positive
128,45080,Sector8023 of the 3rd Quadrant,11-03-2020,"And what food products should I stock up on? Canned meats? Have many veggies &amp; fruit already. More noodles &amp; rice? Wish I felt safe about fresh stuff but I don't. Maybe more dried fruit.



What else?



#Coronavirus Stockpile thoughts...",Positive
129,45081,"Montreal, QC, Canada",11-03-2020,"#COVID_19 fallout : Are all these ghost flights going to swap cabin payload for cargo payload, as self isolated individuals take to online shopping globally as a pastime while waiting for lockdowns to end ?",Negative
130,45082,,11-03-2020,"Avoid the panic and empty shelves at the stores and stock up now with Amazon Pantry items! 

https://t.co/1gWRwNuc0x   



#ad #coronavirus #prepper #BePrepared 

#Corona #CoronavirusOutbreak #Soldout

#Coronavid19  #wuhanvirus #CoronavirusUSA 

#COVID19 #WuhanCoronavirus #toiletpaper",Extremely Negative
131,45083,Interior Alaska,11-03-2020,"While #Trump and his admin are worried about the stock market, oil companies, cruise, and hotel industry, the people of this nation just want to know they can be tested if they become ill and if they can go to work to earn next month's rent or food for the family. #coronavirus",Negative
132,45084,Istanbul,11-03-2020,Shares in Turkish supermarket chain Migros surged as much as 15% today on expectations of stocking up after the nation's first coronavirus case was confirmed. https://t.co/8301RkLPj2,Positive
133,45085,,11-03-2020,"Ok, so #COVID2019 made flights cheap, emptied busy tourist destinations in Europe, panicked the hell out of the stock markets so now #covid19UK when will you lower the house prices?",Extremely Negative
134,45086,"Either in UK, AFrica, EU or Ukraine",11-03-2020,"Former Supermarket boss says that staff self-isolating due to possible #CoVID_19 symptoms will affect the abiity of stores to re-stock shelves more than panic-buying.

He's right, but its not ""either-or"" - its *both*.

Plus, its also *shortage of delivery drivers &amp; packers* too... https://t.co/RAhzrycemP",Negative
135,45087,"New York, NY",11-03-2020,"A fight broke out in an Australian supermarket over the #toiletpapercrisis, which led to police having to intervene. 



A woman asked for just one packet from a second woman with at least four large packets in her cart.



https://t.co/j5kFdoFAgN",Extremely Negative
136,45088,"Mississauga, Ontario",11-03-2020,"@theJagmeetSingh Please ask the government about food security for coming months in case of crisis due to #coronavirus? 



Most of the Canadian r afraid and buying stock for the coming months. Its hard to find Lysol wipes, hand sanitizers, hand soaps",Extremely Positive
137,45089,"Sullivan County, NY",11-03-2020,"Trevor, an RD at #TCFD, shares helpful tips when it comes to stocking up on food during a #coronavirus quarantine. Stock your pantry as you always do &amp; aim for your diet to consist of protein, fat, carbs, fruits, &amp; veggies: https://t.co/cLaz9cYzsd. @MichaelRosen27 #FoodIsMedicine",Extremely Positive
138,45090,,11-03-2020,"@sainsburys Can you please make sure that in the midst of all the panic buying , hoarding and general insanity I have seen in your stores recently that you will save some stock for local food banks who have seen donations fall. We are all in this together",Negative
139,45091,"Vermont, USA",11-03-2020,"Coronavirus and food: the latest



Good piece by @marionnestle

 

https://t.co/xKRpnlIPja



I'm curious. Here's an informal poll for all:

If you are taking #COVID infection precautions &amp; are stockpiling foods &amp; other essential supplies right now, how many weeks are you planning for?",Extremely Positive
140,45092,"South Orange, NJ",11-03-2020,"Doesnt matter whats going on, Marthas on her grind https://t.co/FPj5PDT8Dh",Neutral
141,45093,"Seattle, WA",11-03-2020,Charities like @YouthEastside @ClubInsider are scrambling after  cancelling big fundraisers due to #COVID19seattle  Here's how @UpayaSV went virtual &amp; in 4 days raised more $ than they dreamed! Share these tips! @SeattleFdn  #KOMONews  https://t.co/G9ju8WjB6f https://t.co/6eZHpdJWOZ,Extremely Positive
142,45094,United States,11-03-2020,SANITIZER SPECIAL ...Free squirt of sanitizer with the purchase of an Awesome Donut &amp; Great cup of Coffee.  #coronavirus #CoronaVirusUpdate #therightcoffee #sanitizer https://t.co/UNCqGOaIgt,Extremely Positive
143,45095,,11-03-2020,"Why #Bitcoin price is ?down?

#COVID2019 #scam 

https://t.co/eQx8XHMPtL",Neutral
144,45096,"Switzerland, Earth",11-03-2020,"When the #CPTSD therapist recommends that you go out among people to isolate yourself less and the government then advises you to stay at home, recommend self-isolation, and you then consider to not even go out shopping anymore and instead do that online too ???? #Coronavirus",Neutral
145,45097,WORLDWIDE,11-03-2020,"#CancelEverything is #tending due to #COVID19 #coronavirus, so it looks like shopping online and reading books is in ?? https://t.co/jYrZ5zIhSg",Positive
146,45098,,11-03-2020,"Interesting to see so many businesses telling employees to work from home out of caution... what about those of us who cant? 



What would happen if one of my grocery store coworkers contracted #coronavirus ? Or if an affected customer comes into the store?",Positive
147,45099,Boston,11-03-2020,"The chemical explanation for why soap &amp; water is such a kick-ass weapon against the #coronavirus. 



Soap is almost like a demolition team breaking down a building and taking all the bricks away, says chemistry prof Palli Thordarson.



https://t.co/743VHQ7MWO @B_resnick #COVID19",Negative
148,45100,Zebes (SR388),11-03-2020,"Any supermarket, petrol station or any place that sells hand sanitizer/toilet paper for more than the expected price are greedy assholes! Dont do this, don't be that guy! #Covid_19",Negative
149,45101,United Kingdom,11-03-2020,"lets hope those that have stock bought toilet roll get the shits &amp; get forced to stay indoors with their toilet roll &amp; hardly any food, #coronavirus #cornoravirusuk #Corona #toiletpapercrisis #ToiletPaperPanic #ToiletPaperPanic #Banter",Negative
150,45102,"San Francisco, CA",11-03-2020,Very smart to stock up on a years supply but you do have to live off canned and perishable food during the plague. #coronavirus #foodsecurity https://t.co/KDVWfGSpK4,Positive
151,45103,Gaia,11-03-2020,"Does everyone really need to stock up on toilet paper and paper towel? Two weeks of food I can understand, but you don't need a year worth of toilet paper and paper towel. It's not like the world is ending. #coronavirus https://t.co/EeelptfqDh",Negative
152,45104,Philippines,11-03-2020,"Fill up the fridge with enough food, ready medical supplies, water, avoid crowd, be updated with news, dont panic, work from home if feasible, boost immune system by drinking vitamins and always wash hands. Stay safe and healthy! #COVID2019 #metroManilaCovid",Extremely Positive
153,45105,Connecticut,11-03-2020,"""Officials are saying to stock up on 3 extra days worth of food in prep for the #Coronavirus outbreak; I saw a woman panick over this because she said that she didn't know what 3 extra days of food looked like.""-speech from Anti-Hunger Policy Conference.

https://t.co/r8erNbiv3P",Neutral
154,45106,sales@esmmagazine.com,11-03-2020,#US consumer prices unexpectedly rose in February but are likely to decline in the months ahead as the #coronavirus outbreak depresses demand for some goods and services. #COVID19 https://t.co/jF4nuMYX16,Extremely Negative
155,45107,,11-03-2020,Ever notice it's the people who could afford to skip a few meals who are stampeding the grocery store to stock up on food? #coronavirus,Neutral
156,45108,"Livingston, Scotland",11-03-2020,"News of panic buying food from supermarkets is in the headlines this week, as the fear of #coronavirus grows. As we stock up our freezers, we look at gas monitoring in Frozen and Dried Food Storage.



Discover how we play a role in keeping your food fresh: https://t.co/n4Nrnv2Ap3 https://t.co/WPlI5p6bf7",Negative
157,45109,"Boston, MA",11-03-2020,"Having the extra income to stock up on non-perishables and meds, etc, is a PRIVILEGE. If you can afford it, please also donate supplies to food banks, and FIGHT FOR A SYSTEM THAT DOESN'T LEAVE PEOPLE STRUGGLING AND HUNGRY IN A PANDEMIC. #coronavirus #COVID19",Negative
158,45110,??,11-03-2020,"Going out on a food raid. Chos. When ur household panic, must check supplies. #BiglangDamingKailangan #COVID2019",Negative
159,45111,On your mobile,11-03-2020,"#4. CPG and Retail

Major retailers in China like Starbucks, Uniqlo, Nike and #Apple had temporarily shuttered their store

Sellers on Amazon's marketplace are reportedly struggling to bring goods into the country

#Coronavirus infects luxury spending at #LouisVuitton, Ralph Lauren",Positive
160,45112,"South East, England",11-03-2020,To all the people in the UK who are stock piling bog roll. Im pissed and its ur fault. Im running out and had to spend £11 on a pack when I normally pay £2 ! If u end up quarantined u will be at home w no food surrounded by bog roll! #coronavirus #COVID19 #CoronavirusOutbreak,Extremely Negative
161,45113,Inside My Head,11-03-2020,"Well, its time to stock up on cat food. #coronavirus #quarantine #pandemic https://t.co/uhfmQPZWAt",Positive
162,45114,,11-03-2020,"@forexlifecom 



Oil Prices Head Higher on U.S. Cut Hopes - 11 March 2020



https://t.co/f1nNNx2T3h



#Forex #forexsignals #forextrading #forextrader #????? #Corona #Covid_19 #coronavirus https://t.co/hsFqDSyHXZ",Positive
163,45115,Gateshead & Malmesbury,11-03-2020,"I'm getting lots of retail-related #coronavirus questions at the moment, but one I don't really know the answer to (from @ServiceDock) is:



""How should store staff react if someone is coughing and sneezing in the checkout queue?""



Any thoughts, instore friends? ? https://t.co/TlxTboYXt4",Extremely Positive
164,45116,"Austell, GA",11-03-2020,Discover how the #coronavirus is affecting the #retail industry via @Store_Brands https://t.co/vfrcAuHNdd https://t.co/yfC2b0tz04,Neutral
165,45117,Where the drama is. ,11-03-2020,"Italy is now in full #CancelEverything mode.

Everything is closed except the pharmacy, supermarket and post office.

#COVID19 #Covid_19 #coronavirus #coronavirusitalla",Neutral
166,45118,"Toronto, Ontario",11-03-2020,"@CBCTerry Canadas response has been exemplary when it comes to containing the spread of the disease, says Dr. Bruce Aylward, leader of WHO's mission to China on COVID-19. You're right. It's our turn. Social distancing/clean hands our jobs. Stock the",Positive
167,45119,HousePriceMania,11-03-2020,Are the unelected @bankofengland using #coronavirus to keep theur asset prices up and steal from us?,Negative
168,45120,"London, UK",11-03-2020,"LOOK: Panic buying at a supermarket in Makati, Manila as the #Philippines announces 16 more cases of #COVID2019 One shop worker told me queues are twice as long as normal. Hand sanitiser and cleaning alcohol is in short supply. #CoronaVirusUpdate https://t.co/qEi40H4cHz",Neutral
169,45121,Neverland ,11-03-2020,So we have a new housemmate moving into our place tomorrow and I get this text from one of my current housemates... and I just............. like you work in a retail store tho??? You can easily bring home COVID-19 too?????? https://t.co/nhMXePXFzH,Positive
170,45122,"Ontario, CA",11-03-2020,"Remember that a good diet is key to health! Come stock up on fresh food including high vitamin-C citrus at our markets. 

#coronavirus",Extremely Positive
171,45123,United States,11-03-2020,I demand all food servers to wear gloves when preparing food. #COVID19 #coronavirus #CoronavirusUSA #WednesdayThoughts,Negative
172,45124,"Dayton, OH",11-03-2020,"Since the #coronavirus is now a  #pandemic, I will be online shopping for most of my stuff &amp; limiting how much I go outside. 



All items purchased from us will be in its original packaging &amp; handled w/ gloves.



Be safe, Be blessed ???",Extremely Positive
173,45125,"Markham, Ontario",11-03-2020,"#Coronavirus shifts online shopping habits. #eCommerce 



https://t.co/eELVHjauQd https://t.co/wfFkfDCpMq",Neutral
174,45126,"Cranleigh, Surrey GU6 8ND",11-03-2020,"Home shopping could double if #Coronavirus takes hold in the UK, as consumers switch from buying food and household items in stores to online.  https://t.co/t5teSX87vU  



Is your #business ready to meet this demand? 



Via @PostalTechNews https://t.co/o45h0Jdi8E",Positive
175,45127,"Washington, D.C.",11-03-2020,"Citigroup CEO Michael Corbat:



This is not a financial crisis. The banks and the financial system are in sound shape and we are here to help.



Live updates: https://t.co/rY0cog7PtR https://t.co/wAjY11hUIy",Extremely Positive
176,45128,,11-03-2020,"Everyone else during COVID-19: I need to stock up on food and water in case Im quarantined



Me during COVID-19: Theyre going to make me work from home and I need to make sure we have no food in the house for me to mindlessly eat 

#dietproblems",Neutral
177,45129,"Minnesota, USA",11-03-2020,"If retail store and restaurant bathrooms taught me anything, the only people that need to wash their hands are the employees that work there ?. #coronavirus #WashYourHands",Neutral
178,45130,United States,11-03-2020,Guys please stock up while you can. I can confirm that grocery stores are starting to run out of non perishable food and cleaning supplies. Practice safe measures and also make sure to be polite to retail workers because this is a stressful time for them. #coronavirus,Positive
179,45131,"Taipei City, Taiwan",11-03-2020,"2/ A Market Crash was Coming

even before #coronavirus :

- When prices

for these securities

fall 10% or 20% ,

the lender has the right

to demand additional cash ;

The only way to get that cash

is to sell them ;

And in that way,

selling begets more selling. 

https://t.co/ya2lDfiNh6 https://t.co/W2SNOhUdXI",Negative
180,45132,"Tijeras, NM",11-03-2020,"If you dont stock up on toilet paper, food, and water every #flu season then you shouldn't be stocking up for #coronavirus",Neutral
181,45133,"Los Angeles, CA",11-03-2020,"#Coronavirus: L.A. residents stock up on food, cleaning supplies https://t.co/x4heHThOmn https://t.co/Z3t1R2BgwZ",Neutral
182,45134,,11-03-2020,"Please please please please please DON'T PANIC BUY!!! We have a better chance of overcoming this crisis if we stay calm and cooperate. EVERYONE needs soap, alcohol etc. to stay clean and EVERYONE needs access to food and water to stay healthy. #COVID2019 https://t.co/yd5BaNY5RP",Extremely Positive
183,45135,"Missouri, USA",11-03-2020,"#askCDC Is it necessary to stockpile food, toilet paper, and other items in response to COVID-19? A recent press conference told older adults to ""stock up for a period of time. How long is the ""period of time?"" What is the actual metric, one week, one month, etc.?",Neutral
184,45136,"San Francisco, CA",11-03-2020,"""Losing free food is a blow,"" one employee said. ""I don't personally stock a fridge so it drastically alters my life in that sense and budget.""  @robaeprice on the steep price of #coronavirus for some tech workers. https://t.co/Q7ej1fIxxy via @businessinsider",Positive
185,45137,,11-03-2020,"Everybody stocking up on toilet paper, and Im like WTH? Id rather stock up on extra food. Without it, the other becomes useless. ??? #coronavirus",Extremely Negative
186,45138,"Dallas, TX",11-03-2020,"Sitting here counting my blessings. I have a walking trail behind my house. I decent gym in my garage. A pool and a lovely home.

If I am shut up for a few weeks or months it will ok. 



That being said. Headed to the grocery store to stock up on frozen pizza and IPA. 

#coronavirus",Extremely Positive
187,45139,"Dallas, TX",11-03-2020,"I was quoted in this piece - ""Dos and don'ts of stockpiling: 5 must-have items"": https://t.co/U8ECcFeOzE by @eviefordham https://t.co/oFqrPP4r9V",Neutral
188,45140,Gotham ,11-03-2020,"Everyone loves the food at the Cheescake Factory so why does the stock continue to destroy value for shareholders? The management need replaced and a new leader needs to streamline the business. My view, in @Forbes $CAKE #dining #restaurants #coronavirus https://t.co/zEFIwAimnc",Positive
189,45141,"Austin, TX",11-03-2020,"Anxiety over the #coronavirus is driving grocery shoppers online, where theyre able to purchase the #CPG items they need without risking exposure to crowds of people. Is this the catalyst that online grocery needed to change deep rooted consumer shopping habits?",Positive
190,45142,,11-03-2020,People. If you are coughing or feeling sick stay at home. Do not go to the grocery store. Do not go to work. Please. This would be over if you just did that. #COVID19 #coronavirus #Pandumbic,Negative
191,45143,Everywhere,11-03-2020,"What ever financial relief comes out of DC !!!MUST!!!! include consumer financial relief for their utilities: Electric, Gas, Water #WhiteHouse #COVID2019",Extremely Positive
192,45144,PNW,11-03-2020,I'm not panicking about #coronavirus; ask the cashiers at my local #smartfoodservice and they'll tell you I've never needed a reason to stock up on food and not leave the house for weeks at a time. The fact that OTHER people are now ALSO doing this is annoying. But also wise.,Extremely Positive
193,45145,Greece,11-03-2020,CORONAVIRUS EFFECT ON BOND PRICES : Pandemias tend to increase safe havens demand such as German bonds-The opposite effect on Greek bonds prices #Corona #Coronovirusupdate #CoronaVirusUpdate #coronavirus #economy #economics #crash #market #Covid_19 #COVID19 #bonds #Greece #Greek https://t.co/5YN2jbAETE,Positive
194,45146,New York City,11-03-2020,Its fucked when you can come up with a solid plan in your store  to combat #coronavirus better then the higher ups (rich owners) can. Im curious to know what retail stores are doing to keep employees safe. Ive seen one coffee shop not take cash anymore and another has,Extremely Positive
195,45147,USA,11-03-2020,"Today at the grocery store, after the checker had touched all of our stuff, we noticed she is in the habit of licking her fingers to count cash. 



I'm immunocompromised.



Please don't do this. Just... ugh.



#Covid_19 #COVID19 #coronavirus",Negative
196,45148,deep south,11-03-2020,"?People at #highrisk 

CDC finally says you should be prepared to shelter-in-place. 



This means ?



stock up on meds, ask doc for 3-6mo supply

food, water, supplies to last 

keep your distance

if it's in your community, stay home



#coronavirus

 https://t.co/UJWUFAal3b",Positive
197,45149,"Roma, Lazio",11-03-2020,"If you still can, stock up on dry and canned food and bottled water or a water purifier. #coronavirus",Neutral
198,45150,London,11-03-2020,Popped into my local supermarket after work. The baskets are noticeably clean... Theres no hand wash or bog roll ????? not that I needed any... did no one wash before #Covid_19 ?,Positive
199,45151,USA,11-03-2020,"Im trying not to be paranoid about the #coronavirus, but I admit I have been binging Prepper videos on YouTube. Its probably a wise idea for all of us to stock up on supplies, food, medicine, water, booze...?",Extremely Positive
200,45152,,11-03-2020,"Hi @AEWrestling. I'm Luca, I'm from Italy and I'm a big fan of your product. The district I live in is the most covered by #coronavirus here in Italy. Our government has forbidden us to leave our houses except for going to the grocery store or the pharmacy. (1/2)",Negative
201,45153,,11-03-2020,environment in a small apartment? How do you stock up on anything when you can barely afford rent or food on a regular basis? How do you constantly wash your hands when the water itself is poison?  Asking for a friend. #COVID19 #coronavirus,Negative
202,45154,United Kingdom,11-03-2020,"1. preprint from @NEJM https://t.co/tFf5B7xttw 

?? COVID-19 virus remains viable in the air up to 3 hours post aerosolization

?? stable on plastic and stainless steel and viable virus could be detected up to 72 hrs 

will washing hands even make a difference given above? #COVID19 https://t.co/HYztphlIMV",Positive
203,45155,All over the NBA map,11-03-2020,"The Warriors, league sources say, will be directed to play host to the Nets on Thursday night at Chase Center in a game CLOSED to fans",Positive
204,45156,"Ithaca, NY",11-03-2020,Small reminder: stock up on bar soap for your local food pantry/ place of worship. Our guests at our feeding ministry have asked for it (more portable than liquid hand soap) &amp; they need to stay safe from covid-19 too.,Extremely Positive
205,45157,"New York, NY",11-03-2020,"Getting back to the impact of #coronavirus on the consumer, the question this article asks is if #creditcard travel #insurance covers #covid_19. The only way to know for sure is to check your card's policy.



https://t.co/6g2IRU09VX",Positive
206,45158,North Belfast,11-03-2020,"Our shelves our bare as we are struggling to meet demand, and with #panickbuying we are finding it difficult to stock up on are main items, these are worrying times for all us but even more so when you are struggling financially.  If you can donate, we would be really grateful. https://t.co/20Av9PPhwQ",Negative
207,45159,,11-03-2020,"Neither Mutton Nor Chicken, 'Kathal' Prices Skyrocket Due To Coronavirus Scare

https://t.co/wJkNvZQf8d

#coronavirusinindia #coronavirus #kathal #mutton #jackfruit",Negative
208,45160,,11-03-2020,"More than 8,000 Arlington Public Schools students won't get free or reduced lunches if schools close due to #coronavirus. Donate and share this link for a fundraiser organized by APS teachers to give grocery store gift cards to food insecure families. https://t.co/jv2lBWFgsQ",Extremely Positive
209,45161,"Princeton, NJ",11-03-2020,"Our #webinar will be live in just 10 min! NetElixirs Founder and CEO will discuss any shifts in consumer online shopping and searching behavior and any changes we have seen in ecommerce sales during the #CoronavirusOutbreak. Follow along for updates.

#NetElixir #coronavirus",Neutral
210,45162,"Princeton, NJ",11-03-2020,"The key metrics we considered for online shopping behavior were latency in number of days between first website landing and first purchase and number of website landings prior to first purchase.

#NetElixir #coronavirus #covid19 #webinar #onlineshopping",Positive
211,45163,"Melbourne, Australia",11-03-2020,"Woolworths has stated that customers who bought monstrous amounts of toilet paper, pasta and canned food will be unable to return their excess purchases.



Panic buyer regret? Serves them right.



https://t.co/JzJZ5YXPVS #auspol #coronavirus #coronavirusau",Extremely Negative
212,45164,"Middleton, WI",11-03-2020,"Most of the focus of the demand side economic impact of COVID-19 had been on travel/tourism, but food services would be by far the largest sector affected. https://t.co/75rBt4cfVW",Negative
213,45165,,11-03-2020,Im gonna apologize to my bank now for all the online shopping Ill be doing once im quarantined ??? #sorrynotsorry #Corona #coronavirus #COVID19 https://t.co/UM0UPy0C7J,Positive
214,45166,,11-03-2020,"#btc is proven not to be a safe heaven for multinationals with the #coronavirus spread people are dumping there crypto to get more stock like food and #groceries 



This is not a small #pandemic



#crypto #bitcoin #Corona",Positive
215,45167,"Madison, VA",11-03-2020,Coronavirus is hurting store traffic and e-commerce won't help much #Retail #coronavirus  https://t.co/ad2ZaodeVo,Positive
216,45168,#citizenofnowhere,11-03-2020,@SebDance Forget Corona. I expect that we were already in recession anyway thanks to Brexit.,Negative
217,45169,,11-03-2020,"Just went to the grocery store to NOT buy bleach, cleaners or toilet paper, but to buy bacon and steak. While there, saw three people with masks on. ?? Maybe the THREE (3) out of a state of 11,690,000 in Ohio who have the very SCARY #coronavirus. SHUT DOWN GROCERY STORES!!!",Extremely Negative
218,45170,Grimsby,11-03-2020,Completely changed my outlook on Covid-19.. Time to stock up on canned food ? https://t.co/OSZkjx0y8i,Neutral
219,45171,"Peterborough, England",11-03-2020,"The foodbank said it is seeing clients who are without work because of the #coronavirus 



https://t.co/qXh1junJ03",Neutral
220,45172,Philippines,11-03-2020,"After local authorities floated the idea of ""localized"" lockdowns to control COVID-19 spread, Agriculture Secretary William Dar said his order for a ""food sufficiency action plan"" is meant as a contingency measure if the situation worsens. https://t.co/sD3QB0xi1i",Negative
221,45173,Global,11-03-2020,How to stock a pantry #Coronavirus https://t.co/kn0rIdzkNR https://t.co/QQqYLbL3Ti,Neutral
222,45174,,11-03-2020,"While youre panick-buying necessities because of COVID-19 please remember food shelves, group homes, shelters, etc. A lot of these places depend on donations and/or dont have the time or $$ flexibility to be able to stock up in these situations. Donate if/what/how you can!",Positive
223,45175,,11-03-2020,@NorthmanTrader #FederalReserve couldn't even see the housing bubble pop while it was imploding. Stable prices &amp; maximum employment....my ass. #EndTheFed #COVID2019 #COVID19 #BoomerPlague #CoronavirusUSA https://t.co/YOI3FKt9uo,Negative
224,45176,"England, United Kingdom",11-03-2020,"How Retailers can handle difficult trading due to Coronavirus. Conversion will probably be the biggest challenge in store for Retailers.

https://t.co/No5Oq1ei2g



#coronavirus #retailers #retail #conversionrate",Negative
225,45177,Made in Canada,11-03-2020,"Stock make sure to have a few bottles of #Quash 100% natural hand sanitizer spray 4 your desk home purse or travel -flight (spray TV screen, food tray etc.) Lab proven to kill toughest germs viruses Available @nutritionhouse &amp; Health Food stores #Covid_19 #CoronavirusOutbreak https://t.co/vxDEFqsED3",Positive
226,45178,"Michigan, USA",11-03-2020,"So were #washinghands more frequent, but are we #wiping down #keyboards? ?



For those needing to create their own #psa:

https://t.co/BZSx1Awn7I 

#hand #hands #keyboard #corona #coronavirus #COVID19 #photooftheday #stockphotography #stockphoto #photosforsale #SanFrancisco https://t.co/p1uPPtnxFz",Positive
227,45179,Happy Valley Pa.,11-03-2020,@mikeandersonsr CDC keeps piling on to the none pandemic. Creating scarcities by telling people to stay home stock up on food. Too nursing homes arnt prepared for covid-19 pandemic? @POTUS need to get CDC under control.,Neutral
228,45180,,11-03-2020,Reporting on COVID-19 Has to stop Many times your told wash your hands 20 sec. Use Hand sanitizer 60% alcohol cough into a tissue Stock up on food and Rx drugs Now cancelling events? We've had mass shootings &amp; are told to live of lives This virus is paralyzing us? Puzzling to me!,Positive
229,45181,United States,11-03-2020,"@SenatorLoeffler @realDonaldTrump @VP @stevenmnuchin1 What the fuck does being a consumer, a strong economy, or jobs have to do with a pandemic? Absolutely nothing..btw did you go to Trump University? #Pandumbic #Trumpdemic #coronavirus #WhereAreTheTests",Negative
230,45182,"Windsor Heights, IA",11-03-2020,"Be on the lookout for price gouging and other scams related to the COVID-19 virus. Learn more about how to spot them and how to file related consumer complaints at the link below. 



https://t.co/CzzCCNzA1P",Extremely Negative
231,45183,India,11-03-2020,"We are disappointed that some sellers are attempting to artificially raise prices on basic need products during a global health crisis"" @amazonIN

@Flipkart @Grofers @NetMeds

@pharmeasyapp 

#Corona #CoronaVirusUpdate

#COVID2019 #handsanitizer

https://t.co/LPybjsqulX",Extremely Negative
232,45184,"Minneapolis,  MN",11-03-2020,AT TARGET &amp; WALMART IT'S CLEAN AND REPEAT Target has begun cleaning and sanitizing checkout lanes and touchscreens at least every 30 minutes. https://t.co/pbKYZYjk7q #retailtrends #retail #touchscreens #clean #sanitizing #coronavirus #viruscontainment,Positive
233,45185,"Norfolk, VA",11-03-2020,"CDC: At-risk Americans (60 &amp; over) and immunocompromised (impaired immune system) take action stock up food &amp; meds for COVID-19

https://t.co/ezYzJEigSm",Neutral
234,45186,"Rockville, MD",11-03-2020,"Target begins rationing items that are flying off the shelves during the coronavirus outbreak; institutes new store cleaning policies:



https://t.co/ida2iWD9sZ



#Rockville #Rkv #MoCo #DC #coronavirus #COVID2019 #COVID19 #retail #Maryland #MontgomeryCounty https://t.co/N5ISPOIHeF",Neutral
235,45187,Ballarat Victoria,11-03-2020,"My local IGA supermarket has a 2 can limit on dog food now, is this gonna be another toilet roll hoarding saga ??

#coronavirusaustralia #Covid_19 #COVID?19 #dogs #aupol #MSM  # ridiculous",Negative
236,45188,Woodinville Wa,11-03-2020,I swung by the grocery store tonight for some Toilet paper and Hand sanitizer and I found the @Mariners trophy case! #COVID2019 https://t.co/nlweFCPgrg,Positive
237,45189,"~ JHB, South Africa",11-03-2020,"So, according to this dude if you eat Rama margarine, leaver spread, Koo Beans, #CoronaVirus checks into your system &amp; if it doesnt like the food you eat, the virus checks out &amp; may host itself into someone that eats like ciabatta. So stock up on Koo Beans #CoronaVirusInSA https://t.co/jQSmBxpXs7 https://t.co/7z8Ff2jHY5",Extremely Positive
238,45190,,11-03-2020,The continuing outbreak of #coronavirus (COVID-19) is affecting two key U.S. e-commerce metrics. Read more: https://t.co/C1G69ZSQ04 #COVID19 #ecommerce #onlineshopping #shoppers #consumers #retail https://t.co/sYjJEgXOmr,Neutral
239,45191,"Washington, D.C.",11-03-2020,Literally two weeks ago the U.S. economy was humming along and Bernie Sanders was the Democratic front-runner after a dominant victory in Nevada.,Neutral
240,45192,,11-03-2020,"On a different note, Id like to share (&amp; brag) that since this whole #COVID_19 started, I did not need to buy a single #alcohol_based_product I already have everything I might need! And joking aside, its shameful how prices of these have gone up when needed most #??????_?????",Positive
241,45193,,11-03-2020,"Local authorities are being encouraged to relax planning restrictions around delivery times and store opening hours to ensure supermarkets and other retailers are able to maintain stock levels during the #coronavirus outbreak.??



https://t.co/QKDSZygO52



#COVID?19 https://t.co/XZfNZ9vesA",Extremely Positive
242,45194,Kansas City ,11-03-2020,"Get a lot of sleep 

Drink a lot of water

Dont eat bats

Wash your hands

Call your mom

Stock up on food

Dont eat bats

Stock up on water

Clean regularly touched surfaces

Dont eat bats

Avoid crowded events

Eat healthy...

Dont eat bats

#coronavirus",Positive
243,45195,kenya,11-03-2020,"If you have #coronavirus



- dont go out sick

- wash hands

- call ahead, wear mask to doctor

- stock up food, medicines

- work from home

- keep social distances

- hand sanitizer after surfaces

- avoid touching face

- good sleep, vitamins

- cough in elbow

- dont panic",Negative
244,45196,,11-03-2020,"As an optimist I look at the bright side of the #coronavirus



My wife no longer wants to take expensive trip to Asia



She no longer buys anything online because everything is made overseas



She no longer goes shopping because of panicked toilet paper mobs



Blessings in disguise? https://t.co/9oTdiv4Agc",Positive
245,45197,INDIA,11-03-2020,"Telangana #politicians make a #killing of #coronavirus #masks taking advantage of #COVID2019 fears abroad, minting money by controlling manufacture of masks being exported at exorbitant prices @trspartyonline @DeccanChronicle @editorofdc https://t.co/5oyYEnGY0i",Negative
246,45198,"Washington, USA",11-03-2020,"dangerous dems causing chaos over covid-19.  I shake hands, hug, share bites of food, watch ONLY Fox and Friends.  There is no problem in US.  Fake media is making me look bad, they crashed the stock market, all because of my beautifully perfect response.  No test kits = no + https://t.co/lP2lWU4fi0",Extremely Negative
247,45199,Online,11-03-2020,"Help keep the elderly isolated! mortality rate is extremely high in the elderly. They need to stock medicine and food and stay away from people now!

#coronavirus



https://t.co/UJImSF7JD4",Positive
248,45200,"Deerfield, IL",11-03-2020,"A new wave of retail coronavirus reaction: virtual meetups, empty shelves, list of canceled trade events. #coronavirus #CoronaVirusUpdate #storebrands #privatelabel #tradeshow 

https://t.co/hsAfocBG6g https://t.co/0T2DPvxBHv",Negative
249,45201,Canada,11-03-2020,"From the high-tech industry to consumer-packaged-goods, #COVID2019 is affecting supply chains and disrupting manufacturing operations around the globe. @HarvardBiz details how the #coronavirus could impact the global supply chain. https://t.co/hPlhDwM6UF",Neutral
250,45202,,11-03-2020,"BREAKING: The World Health Organization declares COVID-19 a ""pandemic,"" pointing to the over 118,000 cases of the coronavirus illness in more than 110 countries and territories around the world https://t.co/iXxyQ16TyP",Negative
251,45203,"Utah, USA",11-03-2020,@retailgeek Howdy. I am back in the business of retail trend data! Lates on the impact of the #COVID19 shopping surge with shopping session data. https://t.co/bZgqn5X2UR,Neutral
252,45204,"Utah, USA",11-03-2020,"#COVID19 Online Shopping Impact Data. #retail, #GoDigital https://t.co/bZgqn5X2UR",Neutral
253,45205,,11-03-2020,"If you're looking to stock up on food and are strapped for cash the ducks in the park are free to take home

#coronavirus #hoarding",Positive
254,45206,"Los Angeles, CA",11-03-2020,"Food for thought.....



""everyone is running around stocking up on toilet paper?...



wouldn't it be better to stock up on Vitamin C and Probiotic to boost your immune system?""



#coronavirus #Corona #ThoughtOfTheDay",Extremely Positive
255,45207,"Lenexa, Kan.",11-03-2020,"The #coronavirus may indeed result in a temporary spike in non-perishable #food #sales, while #grocery delivery demand is anticipated to increase. https://t.co/fuixpvMIDU

.

.

.

Kroger The Wall Street Journal @kroger @wallstreetj_cp Kroger The Wall Street Journal",Positive
256,45208,,11-03-2020,"Have a question: if COVID-19 does sweep the country in full pandemic style, how long do you think we will have to quarantine as individuals? 2 weeks, 3 weeks? 



I'm just taking stock of things and I'm wondering if 3 weeks worth of food is adequate.",Positive
257,45209,"Philadelphia, PA",11-03-2020,"There will be no point in anyone being tested for the #coronavirus #COVID2019 if Americans:



- Have to pay absurd prices to be tested insured or not.

- No government intervention to grant paid leave, free testing and coverage, guarantee job security.



Live your life, fuck em all.",Positive
258,45210,"Minneapolis, MN",11-03-2020,"@jelani9 Its called the COVID 19: the 19 pounds you lose b/c you didnt stock up, or gain b/c you stocked up on trash food.",Positive
259,45211,"Winston-Salem Area, NC",11-03-2020,"Are you worried about #food and the #coronavirus Stock up on items like @CrispyGreen Healthy, freeze-dried, no added sugar &amp; #foodallergy friendly ?#food #fruit https://t.co/b9fRwI3pSW",Extremely Positive
260,45212,"San Francisco, California",11-03-2020,"5 stages of COVID-19



denial - it's just a bad flu

anger - why is everyone buying all the toilet paper?

bargaining - if i start doing emergen-c shots now i won't get it

depression - OMG we're all going to die

acceptance - i'll stock up on TP/food/theraflu and get this over with",Extremely Negative
261,45213,India,11-03-2020,"In pics | Shoppers around the world are heading to grocery stores to stock up on food and basics as fear over the spread of #coronavirus grows



https://t.co/aZ9jvpjvHd",Negative
262,45214,"Chicago, IL",11-03-2020,"#coronavirus intel

Just talked to a friend who owns multiple fast food franchises and he said likely will have to shut down next week to protect his employees. So stock up on canned goods and food because ur local delis, restaurants fast food franchises may not be open in a week.",Extremely Positive
263,45215,,11-03-2020,"I went to Sainsburys this afternoon and saw many empty shelves. I understand people are acting to the Covid-19 pandemic &amp; stocking up, but I feel terribly sorry/? for the elders who dont/are not able to do online shopping &amp;

are struggling to get the essential daily supplies.",Extremely Negative
264,45216,,11-03-2020,"Im not discounting the danger for some while attending a sporting event, but tell me why its ok for me to continue going to work at a grocery store where thousands of customers come and go on a daily basis carrying an unknown amount of sicknesses or the #coronavirus https://t.co/zNhWEM7K6p",Positive
265,45217,3rd Rock from the Sun,11-03-2020,"@IAmPhilKessel @theJagmeetSingh YOU willing to go into a grocery store or pharmacy w. #coronavirus stricken employees who can't afford to take sick leave w/o pay? Maybe you'll appreciate cost of inaction when you, or your elderly parents need ICU care, bu",Negative
266,45218,"Lakeland, FL",11-03-2020,"COVID-19 will accelerate the move to remote work, remote shopping, online interaction and the ongoing change in how we socialize, worship and communicate. This is not just an event - this will permanently shift how we leverage technology to do these things.  #disruption #tech https://t.co/KU9FSpzz9Q",Positive
267,45219,"London, England",11-03-2020,online shopping is more sterile and safe? Think about the delivery vans and the staff #coronavirus #cornoravirusuk,Positive
268,45220,brum / manc,11-03-2020,"if ur able to, PLEASE donate to food banks !! panic buying due to COVID-19 has meant that donations have fallen by 75%, and banks are low on essentials like milk and toiletries



food banks are already stretched too far under this government, especially when we shouldnt need them https://t.co/35wzpfM9YD",Negative
269,45221,"California, USA",11-03-2020,"@QuickTake @GavinNewsom The low price of cruise ships is enticing. Here is the problem: you may not be able to come back in good health. 



#GrandPrincessCruise #CoronavirusOutbreak #Coronavirustruth  #COVID2019 #CoronaVirusUpdate 



https://t.co/VQ",Negative
270,45222,BOS,11-03-2020,covid-19 rly about to hit my bank acct with all these groceries and online shopping imma be totally unable to avoid,Negative
271,45223,"Chicago, IL",11-03-2020,"Wondering if I should stock up on food and home goods. ? what are yall doing? 

#coronavirus",Neutral
272,45224,London,11-03-2020,"The clowns are playing games with #COVID2019 and peoples lives.



Large parts of the community are concerned for vunerable family &amp; friends. The clowns are monitoring consumer spending.",Positive
273,45225,Fashion Capital,11-03-2020,@ElieTahari #samplesale is #postponed - expect other #sales to go #online or skip a #season as #coronavirus #pandemic grows #shopping #nyc https://t.co/bXxD4n8oI8,Neutral
274,45226,,11-03-2020,"#Jamaica, sorry to burst your bubble but #Lysol cannot manage this strain of #coronavirus. The one on the Lysol tin is an older version of #coronavirus. #COVID19 was built to defeat #Lysol. Stop wasting money on #Lysol &amp; buy soap &amp; alcohol &amp; stock up on food &amp; medication.",Extremely Negative
275,45227,,11-03-2020,"Oregon Cheese Festival officially postponed due to #coronavirus

Keep your fingers crossed for microbusinesses like ours. 

Wanna support us by shopping online?

We'll put a trial sized package and a sticker in with every order received through this weekend.

https://t.co/r5jB2VVfh3",Extremely Positive
276,45228,,12-03-2020,"Youd think its the GD Super Bowl in the grocery store right now??



#Covid_19",Positive
277,45229,?,12-03-2020,"Donnie touts  #CoronaTaxCuts becoz of low oil prices.. @LeoVaradkar watch out! Get tested, Donnie has #coronavirus ! #cnn #msnbc #foxnews #Covid_19 #COVID19",Negative
278,45230,"Leicester, United Kingdom",12-03-2020,"https://t.co/a3md87Yyt3 The #Coronavirus discourse is dominated by medical/scientific voices, with their typical ignorance of societal welfare and public justification in decision-making. Unlike Corona, having no food will definitely kill you.",Extremely Negative
279,45231,Toronto,12-03-2020,Could I beg people w/ means to PLEASE take it easy on the hoarding during #CoronavirusPandemic #Covid_19 .  People who have less money can't stock up. Older ppl &amp; ppl w/ disabilities can't carry or store so much. Leave some food &amp; toilet paper for others.  Please.,Extremely Positive
280,45232,"Sydney, New South Wales",12-03-2020,"Citizens empty #Madrid supermarket shelves amid #coronavirus fears

#Spain 

#Corona #COVID?19 #COVID19 #Covid_19 #Coronavirusspain #CoronavirusESP https://t.co/wvMvjJNcBG",Negative
281,45233,,12-03-2020,"Those rich Pricks selling us water at gas prices, next, they sell us #sunshine, energy,  Next #air (Ioxygen) in portable clip on sacs. The rich always create crisis of fear for profit. Now World leaders, Hollywood &amp; Rich support by claiming they are contaminated #Covid_19",Extremely Positive
282,45234,United Kingdom,12-03-2020,Are you actually gonna stock up with food and necessities #coronavirus,Neutral
283,45235,"San Francisco, CA",12-03-2020,Let me guess @SFBART is going to spike up prices to recover from their low profits due to #Covid_19,Positive
284,45236,( )( ),12-03-2020,"Now would be a good time for people to teach older family members and neighbours how to order their supermarket shopping online.



So many people have never done it, I havent. 



#Coronavirus #Corona #CoronvirusUK",Positive
285,45237,,12-03-2020,"Hey, morons in Sri Lanka: Quit panic-buying perishables you absolute nit-witted fuck-nuggets. Nobody else is gonna have food and that loaf of bread is gonna be moldy AS FUCK by the end of the week. ALSO, IT'S MORE EFFICIENT TO GIVE SICK PEOPLE THE MASKS! Use. Brains. #Covid_19",Extremely Negative
286,45238,Greater London,12-03-2020,"****IMPORTANT MESSAGE FOR YOU ALL RE: COVID-19 CORONAVIRUS. PLEASE READ****



?? I have seen a few posts online lately saying that people are slowing down their internet shopping because they may be worried about https://t.co/eEnsmMV3vE",Positive
287,45239,"Pambansang Punong Rehiyon, Rep",12-03-2020,"@Rhett800cc So hard to decide??. As much as I want to hodl my 2 ccdcv4 token. Our place is declared to lock down due to covid-19. I will use this to buy some food to stock.

TXNID:093bd1db0c0d3a62af15883138a5f57d4cef35ae14e31e602b74489dd2524c7f



My b",Negative
288,45240,"Amsterdam, The Netherlands",12-03-2020,"Meanwhile at a grocery store in the Netherlands..



 #CoronavirusPandemic #pandemic #Covid_19 #coronavirus #corona https://t.co/6FBpeGSxov",Neutral
289,45241,Westeros,12-03-2020,"Supermarket in London this evening. No toilet papers, no pasta, no rice, no bread, no chicken and red meat. People are disgusting! #Covid_19 #london #uk https://t.co/OIYk4n20CN",Extremely Negative
290,45242,"Ontario, Canada",12-03-2020,I got people on Facebook currently selling toilet paper on bidding groups for outrages prices. This world is disgusting and selfish. #ashamed  #Covid_19,Extremely Negative
291,45243,,12-03-2020,"there's a special place in hell for people hoarding alcohols, sanitizers, and surgical masks then reselling them online at exorbitant prices! malala pa kayo sa COVID-19! ?

#COVID2019",Negative
292,45244,"Milan, Lombardy",12-03-2020,"Milan , Queue to enter the supermarket . Due restrictive emergency measures they let 10 people in at a time, and keep at least a meter away . #Covid_19 #italystaystrong #coronavirus #covid19italy https://t.co/lJy0u2b0pf",Negative
293,45245,????,12-03-2020,"It is not clear when Coupang early morning grocery shopping service started again, but it seems that it was possible to order again since a few days ago. Maybe now people are buying groceries offline more than online. #Daegu #SouthKorea #coronavirus",Negative
294,45246,???????,12-03-2020,"@capshun CORONA EP OUT NOW ON NEVER SAY DIE RECORDS!

Track list:

1. China

2. COVID-19

3. Global

4. Travel Ban

5. Every Freaking Retail Store is Out of Water And Sanitizer",Negative
295,45247,I fly FedEx Cargo  ,12-03-2020,"If you feel the need to pick a fight, please head to your local #supermarket and cut in line.  #Covid_19 #coronavirus",Negative
296,45248,???????????,12-03-2020,The Coronavirus virus has people buying up all the toilet paper and selling them at jacked up prices on places like Amazon too. Save some butt wipe for the rest of us. #Coronavirus #COVD19 #Covid_19  #CoronavirusPandemic,Extremely Positive
297,45249,"Mother Base, Caribbean Sea",12-03-2020,"retail notes growth in demand for groceries, canned food and antiseptics. #WuhanVirus #COVD19 #COVID19 #COVID_19 #CoronavirusPandemic https://t.co/fuWE4YjhuO",Positive
298,45250,"Toronto, Canada",12-03-2020,#Covid_19 stole Bernie's platform- it lowered oil and plane ticket prices as well as got people some days off.,Positive
299,45251,,12-03-2020,"I have PTSD from surviving Hurricane Katrina.

Seeing ""panic shopping"" and depleted stores causes some intense flashbacks for me, it's scary.

I remember how hard it was to get food or water in the aftermath.

Please be smart and safe, everyone...

#Covid_19",Positive
300,45252,"Philadelphia, PA",12-03-2020,"@Bryan700 @OfficerBandit @RavagerMog Imagine your life if the supply chain from manufacturer??warehouse??retail store is disrupted because of lockdowns in cities, counties, states, or nations because of #Covid_19 Especially is your stock of food includes ",Neutral
301,45253,Wallstreet,12-03-2020,Dont let be lumped in with Toliet paper users folks $ADGS $CSPS $INO these prices arent going to last forever ???? #SocialDistancing #ThursdayThoughts #ThankfulThursday #Covid_19 #blockchain #CoronavirusPandemic #CancelEverythingNow #CoronaVirusUpdate #CoronaOutbreak #Scam https://t.co/5eVT3hCjud,Neutral
302,45254,"West Midlands, England",12-03-2020,"Just a thought, but when your in the supermarket, panic buying, maybe put a few extra items in the Food Bank bit. After all, these people will need the items more than ever ?

Seriously, noodles are 14p, cereal is 60p. It's hardly going to break the bank.

#Coronavirus #BeKind https://t.co/hhdNKPgPVv",Extremely Negative
303,45255,Dublin,12-03-2020,Scenes outside my local supermarket as the country goes into lockdown from 6pm today. Don't be a silly twat and bulk buy stuff. There's plenty for everyone and consider more vulnerable people and people who have not been paid yet. #CoronavirusPandemic #lockdown #Covid_19 https://t.co/gsSUHr8GAE,Extremely Negative
304,45256,"Manchester, England",12-03-2020,Local shop cutting the price mark off the labels so they can put the prices up. Taking advantage of a bad situation #CoronavirusPandemic  #Covid_19 #coronavirusuk #coronavirus https://t.co/8gL1iHcXdO,Negative
305,45257,"New York, NY",12-03-2020,"i would fight everyone in the supermarket 



for the last roll of toilet paper



just for you ?



#Covid_19",Negative
306,45258,Seattle /Waimanalo /Fethiye,12-03-2020,"Call. Demand. Amplify:

-Free #coronavirus testing 

-Paid emergency leave for workers

-Enhanced unemployment insurance

-Strengthened food security initiatives

-Clear protections for frontline workers

-Increased federal funds for Medicaid

https://t.co/FrLdJIcorO",Extremely Positive
307,45259,"Nottingham, England",12-03-2020,"This #coronavirus #panickbuyinguk is bloody ridiculous, I cant get painkillers for knee pain Im suffering, the foods I buy for my #autistic child who has food issues are out of stock, how do I tell him he cant have that without causing meltdown You people are pricks!!",Extremely Negative
308,45260,,12-03-2020,"The fact that I probably will not have my work close or cancel over COVID-19 is kinda stupid.. I swear to god if I get this CUZ OF WORK, I am fucking suing.",Extremely Negative
309,45261,Moon,12-03-2020,"Prepare yourself for when the #Covid_19 panic is ovee and everything has settled.

Do no stock up on toilet paper.

Stock up on Bitcoin and stocks. 

Sell back at inflated prices later on.",Extremely Negative
310,45262,,12-03-2020,"Corona virus got people going nuts at the grocery store...out of toilet paper? Out of batteries? Out of water? They must not know hood rules apply cuz first thing in the morning I'm taking all of these items from work and bringing them home ???

#HoodRules #Covid_19",Negative
311,45263,"Mississauga, Ontario",12-03-2020,"? New Podcast! ""The Marc Patrone Show - March 12, 2020 - Oil Prices Hit Canada's Economy, Ontario's Budget, Covid-19 &amp; Falling Stock Market"" on @Spreaker #brampton #caledon #canadianeconomy #covid_19 #mississauga #oilpriceshitcanadaeconomy https://t.co/AYaQZ8xhUs",Negative
312,45264,"West Coast, USA",12-03-2020,"@morethanmySLE @mcspocky @JoeBiden To maximize #ElderPurge of the infirmed,elderly population across America, Creepy Joe Biden's #NWO Zionist Puppet Masters Want

No Universal Health Care

Keep Drug Prices 1,000x those in Canada

Cut Social Security

",Positive
313,45265,"Manila, Philippines",12-03-2020,"LOOK: Shoppers wearing face masks stock up on food &amp; disinfectants, wait in line to pay at a supermarket in Quezon City as #COVID19 cases rise in the country | via @biancadava https://t.co/FZyqlcPp82",Negative
314,45266,,12-03-2020,"Stock up on Food &amp; Water asap before the forced quarantines for the deadly CoronaVirus.

https://t.co/WogXP8sOoE

covid-19 covid19 stocks bonds silver gold slv gld intern nurse rn medstudent paramedic trucker patriot taxi prepper veteran hunter biker surfer bartender e3 eos bch xrp https://t.co/HRh9n4VIcv",Negative
315,45267,"Lubbock, TX",12-03-2020,Best part about working in a restaurant right now is having access to literally cases of TP and sanitizers. Fuck all that grocery store hoarding shit. #ThursdayMotivation #Covid_19,Negative
316,45268,,12-03-2020,"Wala, nakita ko lang :)



Republic Act 7394 - THE CONSUMER ACT OF THE PHILIPPINES 

TITLE III.  PROTECTION AGAINST DECEPTIVE, UNFAIR ANDUNCONSCIONABLE SALES ACTS OR PRACTICES



#Covid_19  #CoronavirusPandemic https://t.co/kkD33w5ocO",Negative
317,45269,,12-03-2020,"We are just  only 3 months into #Covid_19

* EU on lockdown

* America suspending all flight from EU 

* All sporting events postponed

*Bitcoin crashed

*Oil crashed 

*Stock market crashed

* Food &amp; medicine running out

*No president or celebrity is safe. 

  #CoronavirusPandemic",Neutral
318,45270,Gemini under the sun,12-03-2020,"NO #toiletpaper #handsanitizer #disinfectant wipes  at #HomeDepot or #Walmart !?Got some yesterday from the grocery store but cause ppl R going nuts &amp; #stockpiling there's not enough 4the rest of us ""Normals""? #CoronavirusPandemic #CoronaOutbreak #Covid_19",Extremely Negative
319,45271,"Ann Arbor, MI",12-03-2020,"#CoronavirusPandemic #Covid_19 #handsanitizer 

Their was a post about hand sanitizer that was placed about us that has false prices. We have never sold any Purells at $5.00 oz. We have over 200 happy local customers that have seen our prices.Sorry for any confusion. All out stock https://t.co/lilP3NZunp",Extremely Positive
320,45272,"Athens, Greece",12-03-2020,"Athens Stock Exchange opening: Nosedive 



Equity prices were significantly dropping on the #Athens Stock Exchange on Thursday. The basic share price index was down 9.07 percent



https://t.co/dbtDv2BmGq



#Greece #COVID?19 #Covid_19 #coronavirus",Positive